{
  "total_records": 30000,
  "positive_matches": 13297,
  "positive_rate": 0.4432333333333333,
  "avg_match_score": 53.299887066888886,
  "score_distribution": {
    "0-20": 2641,
    "21-40": 4691,
    "41-60": 9371,
    "61-80": 11393,
    "81-100": 1904
  },
  "feature_stats": {
    "loan_amount_norm": {
      "mean": 0.0838490675,
      "std": 0.1257903034137106,
      "min": 0.001,
      "max": 0.940447
    },
    "annual_income_norm": {
      "mean": 0.15179628,
      "std": 0.14859748570596634,
      "min": 8.6e-05,
      "max": 0.597958
    },
    "credit_score_norm": {
      "mean": 0.7386964705882354,
      "std": 0.17011351095008154,
      "min": 0.35294117647058826,
      "max": 1.0
    }
  }
}