{
  "model_config": {
    "hidden_size": 32,
    "dropout": 0.2,
    "learning_rate": 0.001,
    "batch_size": 256,
    "epochs": 600,
    "early_stopping_patience": 10,
    "weight_decay": 0.0001
  },
  "input_size": 10,
  "feature_names": [
    "loan_amount_norm",
    "annual_income_norm",
    "credit_score_norm",
    "interest_rate_norm",
    "employment_match",
    "purpose_match",
    "special_eligibility",
    "loan_to_max_ratio",
    "income_multiple",
    "credit_buffer"
  ],
  "scaler_mean": [
    0.0831069358201822,
    0.1522004306073642,
    0.739216136382776,
    0.5207651841224255,
    0.3633189861310378,
    0.4084648493543759,
    0.0662362505978001,
    2.582220849992029,
    3.253347229874059,
    0.25630824746750097
  ],
  "scaler_std": [
    0.12452207582768082,
    0.14884203369098484,
    0.17013431941816093,
    0.10953329257973846,
    0.48095561172283674,
    0.4915499122126787,
    0.2486946113299484,
    8.492532025359687,
    4.460234004163347,
    0.383675470100334
  ],
  "training_history": {
    "train_loss": [
      0.5462106829736291,
      0.41304742526717303,
      0.3789161065729653,
      0.3611282291935711,
      0.34876569451355355,
      0.343216218962902,
      0.3360252031465856,
      0.3309864841583299,
      0.3240644470220659,
      0.31798151753297665,
      0.31173082386575096,
      0.3095305100446794,
      0.30476748961501005,
      0.2987961024045944,
      0.29354060459427717,
      0.2955460026860237,
      0.2917093123968055,
      0.28567275877405957,
      0.28596438303953264,
      0.28400495375801876,
      0.2809845125529824,
      0.27781195466111347,
      0.2775886216905059,
      0.2726156202758231,
      0.27019281776213067,
      0.26723612972149036,
      0.2635259615575395,
      0.2610205426448729,
      0.26153291979940924,
      0.260865218937397,
      0.2554101595064489,
      0.25640789782855566,
      0.254399869136694,
      0.25296661348604577,
      0.2501046359539032,
      0.25038055403203496,
      0.2483561998460351,
      0.24643167399051713,
      0.2445240863939611,
      0.24069677674915732,
      0.2440358478485084,
      0.23984677399077067,
      0.239385129838455,
      0.24213948391559648,
      0.2360411071922721,
      0.2345865505134187,
      0.2331081163592455,
      0.2319277466797247,
      0.2319227438874361,
      0.2281428461031216,
      0.2264193487240047,
      0.23124852358568004,
      0.22586592377685918,
      0.22619881662653712,
      0.2234802097082138,
      0.2270907997721579,
      0.2286707119243901,
      0.22484881812479438,
      0.2246282738519878,
      0.22039519886418088,
      0.22082888843809687,
      0.22121793940299894,
      0.2206277609234903,
      0.21875890489758515,
      0.21475265047899106,
      0.2149042110981011,
      0.21904656436385178,
      0.21369234000037357,
      0.21411322002730718,
      0.2100153814365224,
      0.20992524449418232,
      0.20965460306260644,
      0.2105842138208994,
      0.2092268294314059,
      0.20720438968117644,
      0.2094541433744314,
      0.20684169505427524,
      0.2085575099761893,
      0.20703290057618443,
      0.20481551238676396,
      0.20657085063980846,
      0.20060623709748432,
      0.20345015387709547,
      0.20096923011105236,
      0.1966521787207301,
      0.2020525790569259,
      0.20027769992991193,
      0.2032619224088948,
      0.19621950387954712,
      0.2017058657436836,
      0.19770621281208062,
      0.19947983942380765,
      0.19859994184680102,
      0.1970252456461511,
      0.19859355251963545,
      0.1990503728753183,
      0.19440790120421386,
      0.1961273036715461,
      0.19157300635081967,
      0.1938915548891556,
      0.19491118737837163,
      0.19157224966258538,
      0.19222781152986898,
      0.19125862510465994,
      0.19307174388228393,
      0.18986513783655515,
      0.1928214637971506,
      0.18879019378162012,
      0.1895393004141203,
      0.18852622861542354,
      0.19050350439984623,
      0.1911166233987343,
      0.18778373301029205,
      0.18563343539107136,
      0.18955121898069616,
      0.18855514304666984,
      0.18887429121063976,
      0.18735295915749015,
      0.18432383984327316,
      0.18510795420989756,
      0.18626574226995793,
      0.1853319913512323,
      0.18298328940461323,
      0.18587390751373478,
      0.185973223662231,
      0.189506545299437,
      0.18429120030344986,
      0.18387804180383682,
      0.18411314251219354,
      0.18749912919067754,
      0.18433234767942894,
      0.1867001500071549,
      0.18489768065330459,
      0.186087470955965,
      0.18101782242699369,
      0.18340932805000282,
      0.18132289117429315,
      0.18234504722967382,
      0.18263939895280978,
      0.18173418721047843,
      0.18160228540257708,
      0.18199904680978962,
      0.18084272378828467,
      0.18337254716855725,
      0.18130529835456755,
      0.183934694564924,
      0.18222618411953856,
      0.1803938784613842,
      0.1801797609503676,
      0.18421148981262997,
      0.18194947391748428,
      0.18411705134118475,
      0.17857686993552419,
      0.17852917758793366,
      0.1806629289214204,
      0.18183174374990346,
      0.1773565998528062,
      0.18000469120537363
    ],