{
  "mean": [
    0.0831069358201822,
    0.1522004306073642,
    0.739216136382776,
    0.5207651841224255,
    0.3633189861310378,
    0.4084648493543759,
    0.0662362505978001,
    2.582220849992029,
    3.253347229874059,
    0.25630824746750097
  ],
  "std": [
    0.12452207582768082,
    0.14884203369098484,
    0.17013431941816093,
    0.10953329257973846,
    0.48095561172283674,
    0.4915499122126787,
    0.2486946113299484,
    8.492532025359687,
    4.460234004163347,
    0.383675470100334
  ],
  "feature_names": [
    "loan_amount_norm",
    "annual_income_norm",
    "credit_score_norm",
    "interest_rate_norm",
    "employment_match",
    "purpose_match",
    "special_eligibility",
    "loan_to_max_ratio",
    "income_multiple",
    "credit_buffer"
  ],
  "input_size": 10
}