{
  "model_config": {
    "hidden_size": 32,
    "dropout": 0.2,
    "learning_rate": 0.001,
    "batch_size": 256,
    "epochs": 100,
    "early_stopping_patience": 10,
    "weight_decay": 0.0001
  },
  "input_size": 10,
  "feature_names": [
    "loan_amount_norm",
    "annual_income_norm",
    "credit_score_norm",
    "interest_rate_norm",
    "employment_match",
    "purpose_match",
    "special_eligibility",
    "loan_to_max_ratio",
    "income_multiple",
    "credit_buffer"
  ],
  "scaler_mean": [
    0.08980177087517967,
    0.15496548761358075,
    0.7399994373645785,
    0.5191819703491138,
    0.36700143472022956,
    0.40640841702534675,
    0.0654232424677188,
    2.757541860752421,
    3.292331310537241,
    0.2577499239163521
  ],
  "scaler_std": [
    0.13372602466988004,
    0.15274898541579435,
    0.1730359710099959,
    0.10938645303354318,
    0.48198691023049844,
    0.49116251444534165,
    0.24727119082648696,
    9.195621675978057,
    4.5547029413034,
    0.3824941943566534
  ],
  "training_history": {
    "train_loss": [
      0.3333172694575496,
      0.12801483582432677,
      0.09361126814491866,
      0.07691912130429977,
      0.06768913744244634,
      0.05895939085450841,
      0.05645466759437468,
      0.05172864829258221,
      0.04846904996964263,
      0.046310562708574095,
      0.04439434758955386,
      0.042525864478836696,
      0.03998762957479169,
      0.040663094293871306,
      0.03838978875882742,
      0.03857411557763088,
      0.03625193701648131,
      0.036503972031357815,
      0.035204672947435116,
      0.03485757199956513,
      0.03460752221233234,
      0.03321097186971002,
      0.03169085121736294,
      0.03209228884065297,
      0.0317154975335409,
      0.030574081420171553,
      0.030015245579728265,
      0.029288741907604585,
      0.02999952946585126,
      0.029013592761191653,
      0.02923819974700852,
      0.029396025940957592,
      0.028163677717490895,
      0.026862036289147486,
      0.026488456239060657,
      0.02685227690310013,
      0.027759372302126592,
      0.025918722300358663,
      0.026113995998280078,
      0.025832609233741716,
      0.025778274756015802,
      0.024549850398992618,
      0.02502277466218646,
      0.023186504690362732,
      0.024215747142301465,
      0.023881039173319574,
      0.023507935665093543,
      0.0233359249513142,
      0.022870130643884583,
      0.023004803681609835,
      0.024049968947088572,
      0.021730188780078073,
      0.022000606024138083,
      0.022456691089290673,
      0.02177945991819043,
      0.02215838329241861,
      0.0227124075200863,
      0.020887097871930497,
      0.021422079199976175,
      0.02062374833834971,
      0.021602816232366533,
      0.02113915770314634,
      0.02143809675784191,
      0.02145063939572471,
      0.020246953300268548,
      0.021065130994496185,
      0.020213007631643517,
      0.020246102639314967,
      0.02046889182543609,
      0.020740911847253036,
      0.020326834359410698,
      0.01986768376082182,
      0.019677404390943305,
      0.019931310594717904,
      0.01930344660153113,
      0.019681083918662697,
      0.020153612682096114,
      0.020497239030125302,
      0.019398115842216988,
      0.020182979480567867,
      0.01915536525023238,
      0.019297821918593312,
      0.01903941958188647,
      0.01886677492705242,
      0.01883948473089443,
      0.019072313906579482,
      0.019489496713504195,
      0.017702320471360552,
      0.019287273566034144,
      0.018975159601967145,
      0.019760589038657888,
      0.01935566270087914,
      0.017160694483985623,
      0.01880678009786984,
      0.018560013921204502,
      0.018304855920510683,
      0.01869804198035925,
      0.018297874894015853,
      0.017571728619769578,
      0.018877971321117223
    ],
    "val_loss": [
      0.14451905753877428,
      0.09044274025493199,
      0.07324398329688443,
      0.06292778025898668,
      0.05439585488703516,
      0.04883794362346331,
      0.04557891645365291,
      0.04281013707319895,
      0.040368243948453,
      0.03900068749984106,
      0.036990995415382914,
      0.035846010160942875,
      0.034629385711418256,
      0.03394899113724629,
      0.032986120527817145,
      0.032681970132721797,
      0.0317857229254312,
      0.0312404152419832,
      0.030819472235937912,
      0.029868853899339836,
      0.02942697527921862,
      0.028591431366900604,
      0.028351257348226175,
      0.028366228462093405,
      0.02788536985301309,
      0.02730633525384797,
      0.027065323251816962,
      0.026438049351175625,
      0.0259285112325516,
      0.025384600688185956,
      0.025414847768843174,
      0.025395930072085723,
      0.024612326381935015,
      0.024334457133793168,
      0.024236033981045086,
      0.023582332922766607,
      0.023616976466857724,
      0.02331896224576566,
      0.023365842178463936,
      0.02312355198793941,
      0.023104304861691263,
      0.022378663015034463,
      0.022703564777556393,
      0.022018067952659395,
      0.021913343367891178,
      0.021815916782038078,
      0.021830183039936755,
      0.021686472826533847,
      0.02117420169007447,
      0.021199973144878943,
      0.020855757718284924,
      0.020734096152914896,
      0.02068480637131466,
      0.020417248209317524,
      0.020868010508517425,
      0.020256876117653318,
      0.020309972059395578,
      0.019917225206477776,
      0.02024900887368454,
      0.019746607842130795,
      0.02013592256440057,
      0.01972349603763885,
      0.019293680528385773,
      0.019711007829755545,
      0.019253435751630202,
      0.019132625466833513,
      0.019379672180447314,
      0.019850029040955834,
      0.018837362476107147,
      0.01911248044214315,
      0.01889274760873781,
      0.01863697533392244,
      0.018767136356068984,
      0.019190836904777422,
      0.018645099519441526,
      0.018830575721545353,
      0.01857901607743568,
      0.01918707513767812,
      0.018751322033090725,
      0.01858676281861133,
      0.01881343074556854,
      0.01865497034870916,
      0.017976650606013007,
      0.01803543594562345,
      0.018507121234304376,
      0.018246149489035208,
      0.017788894681466952,
      0.018015620505644217,
      0.018147716091738805,
      0.01765684938679139,
      0.018030093956945673,
      0.017675590882491734,
      0.017481248618827924,
      0.01790903482793106,
      0.017629361245781183,
      0.01746935635391209,
      0.01774519666408499,
      0.01718135672207508,
      0.01705319923348725,
      0.017266256113847096
    ],