{
  "mean": [
    0.08980177087517967,
    0.15496548761358075,
    0.7399994373645785,
    0.5191819703491138,
    0.36700143472022956,
    0.40640841702534675,
    0.0654232424677188,
    2.757541860752421,
    3.292331310537241,
    0.2577499239163521
  ],
  "std": [
    0.13372602466988004,
    0.15274898541579435,
    0.1730359710099959,
    0.10938645303354318,
    0.48198691023049844,
    0.49116251444534165,
    0.24727119082648696,
    9.195621675978057,
    4.5547029413034,
    0.3824941943566534
  ],
  "feature_names": [
    "loan_amount_norm",
    "annual_income_norm",
    "credit_score_norm",
    "interest_rate_norm",
    "employment_match",
    "purpose_match",
    "special_eligibility",
    "loan_to_max_ratio",
    "income_multiple",
    "credit_buffer"
  ],
  "input_size": 10
}